codigo,nome_referencia,categoria
25,ADICIONAL NOTURNO,Adicional Noturno
854,REFLEXO ADIC. NOTURNO DSR,Adicional Noturno
214,HORAS EXTRAS 60%,Horas Extras
251,HORAS EXTRAS 100% DOMINGO,Horas Extras
250,REFLEXO EXTRAS DSR,Horas Extras
318,TAREFAS/PRODUCAO,Produção/Tarefa
350,PREMIO,Prêmio/Bônus
100,PRO-LABORE,Salário Base/Dias
995,SALARIO FAMILIA,Salário Base/Dias
8781,DIAS NORMAIS,Salário Base/Dias
9180,SALDO DE SALARIO DIAS,Salário Base/Dias
8784,SALARIO MATERNIDADE DIAS,Salário Base/Dias
8785,DIAS AFAST.INSS (P/DOENCA),Salário Base/Dias
8870,DIAS AFAST. P/DOENCA C/DIR.INTEGRAIS,Salário Base/Dias
9522,DIAS AFAST. P/DOENCA IGUAL/INF. 15 DIAS,Salário Base/Dias
8792,DIAS FALTAS,Salário Base/Dias
8801,DESCONTO DIAS AFASTADOS,Salário Base/Dias
268,HORAS FALTAS PARCIAL MES ANTERIOR,Salário Base/Dias
29,FERIAS PROPORCIONAIS,Férias
805,MEDIA VALOR FERIAS,Férias
806,MEDIA HORAS FERIAS,Férias
811,FERIAS 1/12 INDENIZADO,Férias
815,MEDIA HR FER PROPORCIONAL,Férias
816,MEDIA VL FER PROPORCIONAL,Férias
931,1/3 DAS FERIAS,Férias
8112,DIFERENCA DE 1/3 DE FERIAS,Férias
8126,1/3 FERIAS INDENIZADAS RESC,Férias
8156,MEDIA VALOR FERIAS 1/12 INDENIZADO,Férias
8157,MEDIA HORAS FERIAS 1/12 INDENIZADO,Férias
8169,1/3 FERIAS PROPORCIONAIS RESCISAO,Férias
8189,DIFERENCA MEDIA HORA FERIAS,Férias
8190,DIFERENCA MEDIA VALOR FERIAS,Férias
8783,DIAS FERIAS,Férias
8795,DIAS LICENCA REMUNERADA FERIAS,Férias
937,ADIANTAMENTO DE FERIAS,Férias
812,INSS FERIAS,Férias
821,INSS DIFERENCA FERIAS,Férias
813,FGTS FERIAS,Férias
942,IRRF FERIAS,Férias
9178,DEPENDENTE IRRF FERIAS,Férias
940,DIFERENCA DE FERIAS,Diferença/Ajuste
836,INSS DIF FER DESC A MAIOR,Diferença/Ajuste
990,ESTOURO DO MES,Diferença/Ajuste
991,ESTOURO MES ANTERIOR,Diferença/Ajuste
8550,13 SALARIO INTEGRAL RESCISAO,13º Salário
8551,MEDIA HORAS 13o RESCISAO,13º Salário
8552,MEDIA VALOR 13o RESCISAO,13º Salário
9592,13o 1/12 INDENIZADO,13º Salário
9600,MEDIA VALOR 13o 1/12 INDENIZADO,13º Salário
9601,MEDIA HORAS 13o 1/12 INDENIZADO,13º Salário
989,INSS 13 SAL.RESCISAO,13º Salário
35,FGTS 13o SALARIO RESCISAO,13º Salário
9177,DEPENDENTE IRRF 13o SALARIO,13º Salário
51,LIQUIDO RESCISAO,Rescisão
9591,AVISO PREVIO,Rescisão
9596,MEDIA VALOR AVISO PREVIO,Rescisão
9597,MEDIA HORAS AVISO PREVIO,Rescisão
828,IRRF SOBRE RESCISAO,Rescisão
826,INSS SOBRE RESCISAO,Rescisão
8130,ESTOURO RESCISAO,Rescisão
831,MULTA ESTABILIDADE Art. 479/CLT,Rescisão
23,F.G.T.S DE RESCISAO,Rescisão
32,F.G.T.S 40%,Rescisão
9637,F.G.T.S DE AVISO PRÉVIO,Rescisão
9754,ESTORNO DESC PROV EMPRESTIMO TRAB FERIAS,Provisão/Estorno
9755,ESTORNO DESC PROV EMPRESTIMO TRAB ADIANT,Provisão/Estorno
9752,PROVISAO DESC. EMP. CRED. TRAB. FERIAS,Provisão/Estorno
258,REEMBOLSO VT,Benefícios
238,VALE TRANSPORTE DEBITO,Benefícios
261,VALE REFEICAO,Benefícios
262,VALE TRANSPORTE NAO UTILIZADO,Benefícios
263,VALE REFEICAO NAO UTILIZADO,Benefícios
275,DESCONTO PLANO ODONTOLOGICO,Benefícios
276,ASSISTENCIA MEDICA CO PARTICIPACAO,Benefícios
8111,DESCONTO PLANO DE SAÚDE,Benefícios
343,DESCONTO ANTECIPACAO VT EM DINHEIRO,Benefícios
345,VALE REFEICAO - INFORMATIVA,Benefícios (Informativa)
347,ASSISTENCIA MEDICA - INFORMATIVA,Benefícios (Informativa)
349,VALE TRANSPORTE - INFORMATIVA,Benefícios (Informativa)
203,CONTRIB ASSISTENCIAL,Sindicato
222,CONTRIB ASSISTENCIAL SINTICOM JUNDIAI,Sindicato
311,RESTITUICAO CONTR SINDICATO,Sindicato
352,DESC. EMP. CRED. TRAB,Empréstimo Consignado
354,DESC. EMPREST. CREDITO TRAB FERIAS NOVA,Empréstimo Consignado
355,DESC. EMP. CRED. TRAB,Empréstimo Consignado
357,DESC EMP CRED TRAB FE,Empréstimo Consignado
358,DESC. EMP. CRED. TRAB,Empréstimo Consignado
360,DESC. EMP. CRED. TRAB,Empréstimo Consignado
362,DESC. EMP. CRED. TRAB,Empréstimo Consignado
364,DESC. EMP. CRED. TRAB,Empréstimo Consignado
366,DESC. EMP. CRED. TRAB,Empréstimo Consignado
9750,DESC. EMP. CRED. TRAB,Empréstimo Consignado
9751,DESC EMP CRED TRAB FE,Empréstimo Consignado
981,DESC.ADIANT.SALARIAL,Adiantamento Salarial
998,I.N.S.S.,INSS/IRRF Empregado
999,IMPOSTO DE RENDA,INSS/IRRF Empregado
9176,DEPENDENTE IRRF MENSAL,INSS/IRRF Empregado
9665,PENSÃO ALIMENTÍCIA MENSAL DED IRRF,Retenção Judicial
843,INSS EMPREGADOR,Custo Empresa (referência)
996,F.G.T.S DO MES,FGTS (Informativa)
997,F.G.T.S. 2%,FGTS (Informativa)
28,FERIAS VENCIDAS,Férias
64,1/3 FERIAS RESCISAO,Férias
818,MEDIA HR FERIAS VENCIDAS,Férias
819,MEDIA VL FERIAS VENCIDAS,Férias
830,INDENIZACAO ADICIONAL,Rescisão
8105,FGTS 2% DE RESCISAO,Rescisão
8107,FGTS 2% 13 SALARIO RESCISAO,Rescisão
327,PREMIO POR PERFORMANCE,Prêmio/Bônus
328,DESC ADIANT PREMIO POR PERFORMANCE,Prêmio/Bônus
213,MULTA DE TRANSITO,Outros/Diversos
273,DESCONTO ADTO VIAGEM,Adiantamento Salarial
316,PENSAO ALIMENTICIA %,Retenção Judicial
359,DESC EMP CRED TRAB FE,Empréstimo Consignado
361,DESC EMP CRED TRAB FE,Empréstimo Consignado
363,DESC EMP CRED TRAB FE,Empréstimo Consignado
365,DESC EMP CRED TRAB FE,Empréstimo Consignado
367,DESC EMP CRED TRAB FE,Empréstimo Consignado
368,DESC. EMP. CRED. TRAB,Empréstimo Consignado
370,DESC. EMP. CRED. TRAB,Empréstimo Consignado
372,DESC. EMP. CRED. TRAB,Empréstimo Consignado
8868,REEMBOLSO HORAS FALTAS,Salário Base/Dias
